render_id,resource_id,canonical_name,character_name_en,costume_id,costume_name,is_costume,category_code,category,scale,body_axis_x,visual_center_x,bootstrap_width,trusted_width,bootstrap_reliable,bootstrap_support_rows,bootstrap_clean_rows,bootstrap_clean_fraction,bootstrap_half_balance,bootstrap_contaminated_rows,confidence,path_coverage,path_continuity,path_ambiguity,width_reliability,terminated_early,max_vertical_gap,max_untrusted_span,raw_shift_x,applied_shift_x,clamped,face_before,face_after,face_safe,off_artwork_card_bbox,on_artwork_card_bbox,off_clipping,on_clipping,new_edge_clipping,has_new_edge_clipping,clipping_regressions,clipping_review,anchor_kind,portrait_width,portrait_height,face_point_portrait,shift_x,shift_y,reason,over_40px
c010,10,拉毗,Rapi,0,,False,A,A 普通直立/紧凑 (拉毗),3.0901,221.0,221.0,134.5,219.47,True,58,147,0.9423,0.691,7,0.9806,1.0,0.9714,0.9986,1.0,False,0.0,0.0,-10.96,-7.74,False,"[860.0, 610.0]","[852.26, 610.0]",True,"[177.48, 267.33, 1391.9, 2921.75]","[169.75, 267.33, 1384.16, 2921.75]","{'left': False, 'top': False, 'right': False, 'bottom': True}","{'left': False, 'top': False, 'right': False, 'bottom': True}","{'left': False, 'top': False, 'right': False, 'bottom': False}",False,False,clean,eye_attachment,425,891,"[236.87043345443783, 126.89138063277824]",-7.74,-0.0,ok,False
c191,191,爱丽丝,Alice,0,,False,A,A 普通直立/紧凑 (爱丽丝),0.8087,787.5,787.5,509.0,587.39,True,158,480,0.7792,0.6677,0,0.9294,1.0,0.9324,0.9987,0.9582,False,0.0,328.0,5.21,3.48,False,"[760.0, 550.0]","[763.48, 550.0]",True,"[209.7, 99.26, 1530.31, 2879.6]","[213.18, 99.26, 1533.8, 2879.6]","{'left': False, 'top': False, 'right': False, 'bottom': True}","{'left': False, 'top': False, 'right': False, 'bottom': True}","{'left': False, 'top': False, 'right': False, 'bottom': False}",False,False,clean,eye_attachment,1761,3566,"[744.4747109763516, 621.3574984368197]",3.48,-0.0,ok,False
c011,11,尼恩,Neon,0,,False,A,A 普通直立/紧凑 (尼恩),1.338,870.0,870.0,561.0,498.29,True,253,253,0.4061,0.382,370,0.9393,1.0,0.9245,0.999,0.9821,False,0.0,153.0,162.19,109.69,False,"[760.0, 550.0]","[869.69, 550.0]",True,"[-440.59, 14.38, 1639.94, 4615.61]","[-330.89, 14.38, 1749.63, 4615.61]","{'left': True, 'top': False, 'right': True, 'bottom': True}","{'left': True, 'top': False, 'right': True, 'bottom': True}","{'left': False, 'top': False, 'right': False, 'bottom': False}",False,,manual_required,eye_attachment,1683,3567,"[961.3266730582191, 464.32981235140824]",109.69,-0.0,ok,True
c012,12,阿妮斯,Anis,0,,False,A,A 普通直立/紧凑 (阿妮斯),1.0341,799.5,799.5,578.0,545.8,True,146,386,0.6338,0.6485,223,0.9867,1.0,0.9816,0.9976,1.0,False,0.0,0.0,45.36,32.22,False,"[760.0, 550.0]","[792.22, 550.0]",True,"[-5.92, 102.8, 1682.73, 3658.99]","[26.3, 102.8, 1714.95, 3658.99]","{'left': True, 'top': False, 'right': True, 'bottom': True}","{'left': False, 'top': False, 'right': True, 'bottom': True}","{'left': False, 'top': False, 'right': False, 'bottom': False}",False,False,clean,eye_attachment,1761,3567,"[804.6785299601008, 496.4650926759996]",32.22,-0.0,ok,False
c070,70,布丽德,Brid,0,,False,A,A 普通直立/紧凑 (布丽德),0.9349,1295.5,1295.5,402.0,1489.84,True,163,541,0.8768,0.6831,0,0.9177,1.0,0.9386,0.9535,0.9743,False,0.0,225.0,219.19,128.47,True,"[760.0, 550.0]","[888.47, 550.0]",True,"[-570.52, 171.19, 2246.34, 3384.45]","[-442.04, 171.19, 2374.82, 3384.45]","{'left': True, 'top': False, 'right': True, 'bottom': True}","{'left': True, 'top': False, 'right': True, 'bottom': True}","{'left': False, 'top': False, 'right': False, 'bottom': False}",False,,manual_required,eye_attachment,3141,3565,"[1487.1622167322942, 469.1863672408913]",128.47,-0.0,ok,True
c072,72,迪塞尔,Diesel,0,,False,A,A 普通直立/紧凑 (迪塞尔),0.9645,959.0,959.0,504.0,804.62,True,390,595,1.0,0.885,0,0.9874,1.0,0.9818,0.9986,1.0,False,0.0,0.0,10.59,7.53,False,"[760.0, 550.0]","[767.53, 550.0]",True,"[-73.81, 163.35, 1998.88, 3480.23]","[-66.28, 163.35, 2006.41, 3480.23]","{'left': True, 'top': False, 'right': True, 'bottom': True}","{'left': True, 'top': False, 'right': True, 'bottom': True}","{'left': False, 'top': False, 'right': False, 'bottom': False}",False,False,clean,eye_attachment,2277,3567,"[928.5042503543382, 464.886722482996]",7.53,-0.0,ok,False
c080,80,桑迪,Centi,0,,False,A,A 普通直立/紧凑 (桑迪),1.1256,707.5,707.5,429.0,1005.42,True,291,615,0.9824,0.7188,11,0.9778,1.0,0.9845,0.9795,1.0,False,0.0,0.0,136.46,96.07,False,"[760.0, 550.0]","[856.07, 550.0]",True,"[-60.81, 205.55, 1663.67, 4074.38]","[35.26, 205.55, 1759.74, 4074.38]","{'left': True, 'top': False, 'right': True, 'bottom': True}","{'left': False, 'top': False, 'right': True, 'bottom': True}","{'left': False, 'top': False, 'right': False, 'bottom': False}",False,,manual_required,eye_attachment,1660,3565,"[793.1950667536087, 370.0017479198882]",96.07,-0.0,ok,True
c082,82,丽塔,Liter,0,,False,A,A 普通直立/紧凑 (丽塔),0.6613,1172.5,1172.5,675.0,634.2,True,199,296,0.4744,0.4669,12,0.9644,1.0,0.9536,0.9906,1.0,False,0.0,0.0,-50.15,-34.82,False,"[760.0, 550.0]","[725.18, 550.0]",True,"[117.09, 216.75, 1296.86, 2489.65]","[82.27, 216.75, 1262.04, 2489.65]","{'left': False, 'top': False, 'right': False, 'bottom': True}","{'left': False, 'top': False, 'right': False, 'bottom': True}","{'left': False, 'top': False, 'right': False, 'bottom': False}",False,False,clean,eye_attachment,1912,3565,"[1036.1799417938164, 567.9329633435759]",-34.82,-0.0,ok,False
c120,120,N102,N102,0,,False,A,A 普通直立/紧凑 (N102),0.7775,594.0,594.0,641.0,742.76,True,636,636,1.0,0.8196,0,0.9932,1.0,0.9903,0.9991,1.0,False,0.0,0.0,0.11,0.08,False,"[760.0, 550.0]","[760.08, 550.0]",True,"[387.8, 164.56, 1225.98, 2837.71]","[387.88, 164.56, 1226.05, 2837.71]","{'left': False, 'top': False, 'right': False, 'bottom': True}","{'left': False, 'top': False, 'right': False, 'bottom': True}","{'left': False, 'top': False, 'right': False, 'bottom': False}",False,False,clean,eye_attachment,1206,3566,"[542.697199269717, 559.719726807833]",0.08,-0.0,ok,False
c172,172,艾德米,Admi,0,,False,A,A 普通直立/紧凑 (艾德米),0.8495,581.0,581.0,598.0,379.85,True,439,546,0.9286,0.7311,42,0.9763,1.0,0.9666,0.9966,1.0,False,0.0,0.0,91.98,64.65,False,"[760.0, 550.0]","[824.65, 550.0]",True,"[268.82, 61.65, 1458.15, 2982.31]","[333.47, 61.65, 1522.81, 2982.31]","{'left': False, 'top': False, 'right': False, 'bottom': True}","{'left': False, 'top': False, 'right': False, 'bottom': True}","{'left': False, 'top': False, 'right': False, 'bottom': False}",False,,manual_required,eye_attachment,1528,3566,"[642.1839161480132, 638.8530203302689]",64.65,-0.0,ok,True
c170,170,普丽瓦蒂,Privaty,0,,False,B,B 长发 (普丽瓦蒂),0.8649,1182.0,1182.0,509.0,460.87,True,170,585,0.9606,0.7747,24,0.9591,1.0,0.957,0.9777,1.0,False,0.0,0.0,57.85,39.94,False,"[760.0, 550.0]","[799.94, 550.0]",True,"[-224.82, 164.94, 1456.57, 3139.37]","[-184.87, 164.94, 1496.51, 3139.37]","{'left': True, 'top': False, 'right': False, 'bottom': True}","{'left': True, 'top': False, 'right': False, 'bottom': True}","{'left': False, 'top': False, 'right': False, 'bottom': False}",False,False,clean,eye_attachment,2072,3567,"[1202.6332026933483, 509.20574245968965]",39.94,-0.0,ok,False
c221,221,长发公主,Rapunzel,0,,False,B,B 长发 (长发公主),1.0713,1439.5,1439.5,1887.0,1115.37,True,544,544,1.0,0.8357,0,0.974,1.0,0.9772,0.9811,1.0,False,0.0,0.0,131.55,92.26,False,"[760.0, 550.0]","[852.26, 550.0]",True,"[-805.14, -172.69, 2432.36, 3501.92]","[-712.89, -172.69, 2524.62, 3501.92]","{'left': True, 'top': True, 'right': True, 'bottom': True}","{'left': True, 'top': True, 'right': True, 'bottom': True}","{'left': False, 'top': False, 'right': False, 'bottom': False}",False,,manual_required,eye_attachment,3150,3558,"[1524.9583129126008, 738.5828865816002]",92.26,-0.0,ok,True
c270,270,布兰儿,Blanc,0,,False,B,B 长发 (布兰儿),1.1768,1347.5,1347.5,414.0,358.89,True,315,571,1.0,0.6894,0,0.9419,0.9861,0.9366,0.9867,1.0,True,0.0,0.0,52.54,35.63,False,"[760.0, 550.0]","[795.63, 550.0]",True,"[-763.0, -171.52, 2172.01, 3967.38]","[-727.37, -171.52, 2207.64, 3967.38]","{'left': True, 'top': True, 'right': True, 'bottom': True}","{'left': True, 'top': True, 'right': True, 'bottom': True}","{'left': False, 'top': False, 'right': False, 'bottom': False}",False,False,clean,eye_attachment,2622,3645,"[1358.1569218915397, 677.1080409892293]",35.63,-0.0,ok,False
c010_02,10,拉毗,Rapi,20001,白色约定,True,B,B 长发 (拉毗·白色约定),3.4394,223.0,223.0,134.5,216.87,True,58,147,0.9423,0.69,7,0.9793,1.0,0.9696,0.9984,1.0,False,0.0,0.0,91.15,64.26,False,"[760.0, 550.0]","[824.26, 550.0]",True,"[-3.11, 165.16, 1352.03, 3123.08]","[61.15, 165.16, 1416.29, 3123.08]","{'left': True, 'top': False, 'right': False, 'bottom': True}","{'left': False, 'top': False, 'right': False, 'bottom': True}","{'left': False, 'top': False, 'right': False, 'bottom': False}",False,,manual_required,eye_attachment,426,892,"[237.87043345443783, 127.89138063277824]",64.26,-0.0,ok,True
c016,16,拉毗：小红帽,Rapi: Red Hood,0,,False,C,C 长枪/背包 (拉毗：小红帽),0.719,1103.5,1103.5,587.0,1074.6,True,288,631,1.0,0.7227,0,0.9805,1.0,0.9747,0.9948,1.0,False,0.0,0.0,-176.29,-124.46,False,"[860.0, 610.0]","[735.54, 610.0]",True,"[228.94, 288.86, 1592.8, 2844.02]","[104.48, 288.86, 1468.34, 2844.02]","{'left': False, 'top': False, 'right': False, 'bottom': True}","{'left': False, 'top': False, 'right': False, 'bottom': True}","{'left': False, 'top': False, 'right': False, 'bottom': False}",False,,manual_required,eye_attachment,2025,3682,"[941.7504461854451, 510.6821509753304]",-124.46,-0.0,ok,True
c471,471,白雪公主：重型武装,Snow White: Heavy Arms,0,,False,C,C 长枪/背包 (白雪公主：重型武装),1.2949,1440.0,1440.0,1749.0,1614.47,True,343,343,0.6114,0.6856,218,0.9527,1.0,0.9765,0.9458,1.0,False,0.0,0.0,125.56,86.12,False,"[742.0, 540.0]","[828.12, 540.0]",True,"[-1107.32, -914.25, 1930.48, 3514.26]","[-1021.2, -914.25, 2016.6, 3514.26]","{'left': True, 'top': True, 'right': True, 'bottom': True}","{'left': True, 'top': True, 'right': True, 'bottom': True}","{'left': False, 'top': False, 'right': False, 'bottom': False}",False,,manual_required,eye_attachment,2474,3548,"[1492.174684041518, 1187.070841410796]",86.12,-0.0,ok,True
c100,100,拉普拉斯,Laplace,0,,False,C,C 长枪/背包 (拉普拉斯),0.7947,932.5,932.5,925.5,1436.5,True,414,584,1.0,0.724,0,0.9932,1.0,0.9897,0.9999,1.0,False,0.0,0.0,16.36,11.7,False,"[760.0, 550.0]","[771.7, 550.0]",True,"[93.42, 213.15, 1578.76, 2948.59]","[105.12, 213.15, 1590.46, 2948.59]","{'left': False, 'top': False, 'right': False, 'bottom': True}","{'left': False, 'top': False, 'right': False, 'bottom': True}","{'left': False, 'top': False, 'right': False, 'bottom': False}",False,False,clean,eye_attachment,1997,3570,"[902.7547679692336, 487.85933345620106]",11.7,-0.0,ok,False
c102,102,麦斯威尔,Maxwell,0,,False,C,C 长枪/背包 (麦斯威尔),1.1064,1384.77,1384.77,438.0,239.84,True,349,546,0.9207,0.6837,47,0.6844,1.0,0.8358,0.9848,0.9123,False,0.0,603.0,172.52,85.02,False,"[760.0, 550.0]","[845.02, 550.0]",True,"[-833.77, 156.01, 2655.71, 3957.49]","[-748.76, 156.01, 2740.72, 3957.49]","{'left': True, 'top': False, 'right': True, 'bottom': True}","{'left': True, 'top': False, 'right': True, 'bottom': True}","{'left': False, 'top': False, 'right': False, 'bottom': False}",False,,manual_required,eye_attachment,3282,3564,"[1504.5464446111082, 420.10859489845143]",85.02,-0.0,ok,True
c220,220,白雪公主,Snow White,0,,False,C,C 长枪/背包 (白雪公主),1.4043,1893.0,1893.0,443.0,1726.93,True,184,460,1.0,0.5619,0,0.8951,1.0,0.9064,0.9856,0.9406,False,0.0,385.0,168.23,108.42,False,"[760.0, 550.0]","[868.42, 550.0]",True,"[-1936.73, 3.23, 2840.76, 3980.26]","[-1828.31, 3.23, 2949.18, 3980.26]","{'left': True, 'top': False, 'right': True, 'bottom': True}","{'left': True, 'top': False, 'right': True, 'bottom': True}","{'left': False, 'top': False, 'right': False, 'bottom': False}",False,,manual_required,eye_attachment,3530,2960,"[1984.3101464930824, 453.3488985697709]",108.42,-0.0,ok,True
c330,330,皇冠,Crown,0,,False,D,D 机械翼/披风 (皇冠),3.8161,485.5,485.5,163.0,512.91,True,65,91,0.6364,0.5633,29,0.9792,1.0,0.9781,0.9888,1.0,False,0.0,0.0,-103.04,-72.64,False,"[760.0, 550.0]","[687.36, 550.0]",True,"[-888.6, 116.13, 2019.24, 3371.22]","[-961.24, 116.13, 1946.59, 3371.22]","{'left': True, 'top': False, 'right': True, 'bottom': True}","{'left': True, 'top': False, 'right': True, 'bottom': True}","{'left': False, 'top': False, 'right': False, 'bottom': False}",False,,manual_required,eye_attachment,794,885,"[448.01620447231835, 129.69669353779705]",-72.64,-0.0,ok,True
c101,101,德雷克,Drake,0,,False,D,D 机械翼/披风 (德雷克),0.7949,707.0,707.0,531.0,917.77,True,199,533,0.9049,0.8898,0,0.9645,1.0,0.9762,0.9661,1.0,False,0.0,0.0,61.22,42.51,False,"[760.0, 550.0]","[802.51, 550.0]",True,"[227.64, 294.35, 1229.25, 2940.67]","[270.15, 294.35, 1271.77, 2940.67]","{'left': False, 'top': False, 'right': False, 'bottom': True}","{'left': False, 'top': False, 'right': False, 'bottom': True}","{'left': False, 'top': False, 'right': False, 'bottom': False}",False,,manual_required,eye_attachment,1388,3457,"[733.6935106691826, 385.606247329541]",42.51,-0.0,ok,True
c180,180,吉萝婷,Guillotine,0,,False,D,D 机械翼/披风 (吉洛霆),0.5425,909.0,909.0,639.5,499.39,True,496,571,1.0,0.8053,0,0.9679,1.0,0.9605,0.9891,1.0,False,0.0,0.0,46.88,32.67,False,"[760.0, 550.0]","[792.67, 550.0]",True,"[294.7, 376.24, 1372.66, 2243.02]","[327.37, 376.24, 1405.34, 2243.02]","{'left': False, 'top': False, 'right': False, 'bottom': False}","{'left': False, 'top': False, 'right': False, 'bottom': False}","{'left': False, 'top': False, 'right': False, 'bottom': False}",False,False,clean,eye_attachment,2115,3569,"[921.68475872559, 384.2850125583291]",32.67,-0.0,ok,False
c352,352,海伦,Helm,0,,False,E,E 宽裙摆 (海伦),4.4606,337.0,337.0,114.0,296.9,True,71,95,0.6209,0.54,25,0.9241,1.0,0.9555,0.9469,0.9737,False,0.0,30.0,8.1,5.39,False,"[760.0, 550.0]","[765.39, 550.0]",True,"[-639.94, 95.67, 2147.92, 3931.76]","[-634.55, 95.67, 2153.3, 3931.76]","{'left': True, 'top': False, 'right': True, 'bottom': True}","{'left': True, 'top': False, 'right': True, 'bottom': True}","{'left': False, 'top': False, 'right': False, 'bottom': False}",False,False,clean,eye_attachment,657,892,"[329.8477022167955, 117.8550639570251]",5.39,-0.0,ok,False
c181,181,梅登,Maiden,0,,False,E,E 宽裙摆 (梅登),0.9238,1425.0,1425.0,528.0,1978.03,True,389,389,0.6837,0.5602,180,0.9203,1.0,0.9333,0.9691,0.9696,False,0.0,240.0,129.25,85.65,False,"[760.0, 550.0]","[845.65, 550.0]",True,"[-586.59, 162.09, 1903.14, 3338.24]","[-500.95, 162.09, 1988.79, 3338.24]","{'left': True, 'top': False, 'right': True, 'bottom': True}","{'left': True, 'top': False, 'right': True, 'bottom': True}","{'left': False, 'top': False, 'right': False, 'bottom': False}",False,,manual_required,eye_attachment,2823,3566,"[1521.6129338267538, 483.88964440125756]",85.65,-0.0,ok,True
c233,233,桃乐丝,Dorothy,0,,False,E,E 宽裙摆 (桃乐丝),1.4467,863.0,863.0,642.0,1094.89,True,245,317,0.5319,0.5014,279,0.9404,1.0,0.9734,0.9282,1.0,False,0.0,0.0,-130.2,-88.16,False,"[760.0, 550.0]","[671.84, 550.0]",True,"[-225.71, 96.13, 2563.52, 5069.88]","[-313.87, 96.13, 2475.36, 5069.88]","{'left': True, 'top': False, 'right': True, 'bottom': True}","{'left': True, 'top': False, 'right': True, 'bottom': True}","{'left': False, 'top': False, 'right': False, 'bottom': False}",False,,manual_required,eye_attachment,2056,3566,"[745.3542008512054, 377.7292974310126]",-88.16,-0.0,ok,True
c310,310,爱德,Ade,0,,False,E,E 宽裙摆 (艾德),0.8774,1540.7,1540.7,659.5,2034.78,False,512,513,0.8536,0.8827,88,0.1686,1.0,0.8852,0.9748,0.8847,False,0.0,928.0,-129.09,0.0,False,"[760.0, 550.0]","[760.0, 550.0]",True,"[-366.53, 51.58, 2130.48, 3354.91]","[-366.53, 51.58, 2130.48, 3354.91]","{'left': True, 'top': False, 'right': True, 'bottom': True}","{'left': True, 'top': False, 'right': True, 'bottom': True}","{'left': False, 'top': False, 'right': False, 'bottom': False}",False,False,clean,eye_attachment,2974,3893,"[1347.9773163941659, 632.080520013375]",0.0,0.0,low_confidence,False
c161,161,米哈拉,Mihara,0,,False,F,F 偏头/侧脸 (米哈拉),0.8925,1009.0,1009.0,681.5,1333.3,True,326,332,0.5561,0.6054,265,0.9826,1.0,0.9775,0.9953,1.0,False,0.0,0.0,35.42,25.06,False,"[760.0, 550.0]","[785.06, 550.0]",True,"[-78.85, 252.99, 1642.83, 3382.18]","[-53.8, 252.99, 1667.88, 3382.18]","{'left': True, 'top': False, 'right': True, 'bottom': True}","{'left': True, 'top': False, 'right': True, 'bottom': True}","{'left': False, 'top': False, 'right': False, 'bottom': False}",False,False,clean,eye_attachment,2057,3634,"[1003.8649256371539, 396.7715660157455]",25.06,-0.0,ok,False
c222,222,红莲,Scarlet,0,,False,F,F 偏头/侧脸 (红莲),1.1193,1314.0,1314.0,498.0,292.23,True,456,456,0.8,0.6988,114,0.7098,1.0,0.874,0.9844,0.9256,False,0.0,378.0,161.03,82.29,False,"[760.0, 550.0]","[842.29, 550.0]",True,"[-760.19, -298.09, 2653.75, 3553.5]","[-677.89, -298.09, 2736.04, 3553.5]","{'left': True, 'top': True, 'right': True, 'bottom': True}","{'left': True, 'top': True, 'right': True, 'bottom': True}","{'left': False, 'top': False, 'right': False, 'bottom': False}",False,,manual_required,eye_attachment,3178,3569,"[1422.1287552993072, 821.6832960241804]",82.29,-0.0,ok,True
c234,234,桃乐丝：机缘巧遇,Dorothy: Serendipity,0,,False,G,G 强非对称姿势 (桃乐丝：机缘巧遇),4.0102,321.0,321.0,253.0,364.45,True,62,132,0.8627,0.6365,10,0.9632,1.0,0.9668,0.974,1.0,False,0.0,0.0,-104.85,-72.71,False,"[760.0, 550.0]","[687.29, 550.0]",True,"[-318.25, -173.27, 1967.54, 3271.46]","[-390.96, -173.27, 1894.83, 3271.46]","{'left': True, 'top': True, 'right': True, 'bottom': True}","{'left': True, 'top': True, 'right': True, 'bottom': True}","{'left': False, 'top': False, 'right': False, 'bottom': False}",False,,manual_required,eye_attachment,602,891,"[284.87966190429086, 196.35972095722434]",-72.71,-0.0,ok,True
c110,110,克拉乌,Crow,0,,False,G,G 强非对称姿势 (克拉乌),1.561,1030.11,1030.11,450.0,569.33,True,91,187,0.3555,0.3806,130,0.6682,1.0,0.8521,0.9495,0.8919,False,0.0,738.0,8.75,4.21,False,"[760.0, 550.0]","[764.21, 550.0]",True,"[-716.89, 109.22, 1652.78, 5477.67]","[-712.68, 109.22, 1656.99, 5477.67]","{'left': True, 'top': False, 'right': True, 'bottom': True}","{'left': True, 'top': False, 'right': True, 'bottom': True}","{'left': False, 'top': False, 'right': False, 'bottom': False}",False,False,clean,eye_attachment,1646,3567,"[1010.0892605852555, 346.36096662547243]",4.21,-0.0,ok,False
c111,111,豺狼,Jackal,0,,False,G,G 强非对称姿势 (豺狼),0.6638,871.34,871.34,440.0,286.56,True,49,641,0.9683,0.7847,21,0.7141,1.0,0.9261,0.9984,0.8704,False,0.0,1044.0,32.36,16.64,False,"[760.0, 550.0]","[776.64, 550.0]",True,"[231.77, 177.85, 1332.94, 2641.7]","[248.41, 177.85, 1349.57, 2641.7]","{'left': False, 'top': False, 'right': False, 'bottom': True}","{'left': False, 'top': False, 'right': False, 'bottom': True}","{'left': False, 'top': False, 'right': False, 'bottom': False}",False,False,clean,eye_attachment,1787,3840,"[859.8188897327273, 624.6740594473081]",16.64,-0.0,ok,False
c140,140,舒格,Sugar,0,,False,G,G 强非对称姿势 (舒格),1.1366,1227.5,1227.5,519.0,527.09,True,171,239,0.4587,0.4612,282,0.6203,1.0,0.7758,0.99,0.8321,False,0.0,664.0,151.64,67.72,False,"[760.0, 550.0]","[827.72, 550.0]",True,"[-674.04, 183.02, 3227.82, 3608.65]","[-606.32, 183.02, 3295.54, 3608.65]","{'left': True, 'top': False, 'right': True, 'bottom': True}","{'left': True, 'top': False, 'right': True, 'bottom': True}","{'left': False, 'top': False, 'right': False, 'bottom': False}",False,,manual_required,eye_attachment,3561,3142,"[1325.7237509311874, 386.8838545568551]",67.72,-0.0,ok,True
c400,400,吉尔提,Guilty,0,,False,G,G 强非对称姿势 (吉尔提),0.9997,969.0,969.0,823.5,293.6,True,372,384,0.6,0.5296,256,0.933,0.9882,0.9286,0.9786,0.999,True,0.0,9.0,400.98,130.62,True,"[760.0, 550.0]","[890.62, 550.0]",True,"[-505.67, 82.95, 1478.66, 3638.73]","[-375.05, 82.95, 1609.27, 3638.73]","{'left': True, 'top': False, 'right': False, 'bottom': True}","{'left': True, 'top': False, 'right': True, 'bottom': True}","{'left': False, 'top': False, 'right': True, 'bottom': False}",True,True,regression_detected,eye_attachment,2113,3685,"[1330.0988336312703, 531.2135553574717]",130.62,-0.0,ok,True
c010_03,10,拉毗,Rapi,10005,经典假期,True,H,H costume variants (拉毗·经典假期),3.3278,265.5,265.5,139.0,203.89,True,61,149,0.9551,0.6964,7,0.9809,1.0,0.9737,0.9967,1.0,False,0.0,0.0,-27.91,-19.71,False,"[760.0, 550.0]","[740.29, 550.0]",True,"[-2.38, 247.59, 1445.22, 3109.5]","[-22.09, 247.59, 1425.51, 3109.5]","{'left': True, 'top': False, 'right': False, 'bottom': True}","{'left': True, 'top': False, 'right': False, 'bottom': True}","{'left': False, 'top': False, 'right': False, 'bottom': False}",False,False,clean,eye_attachment,467,892,"[245.09322714154428, 106.87385137424496]",-19.71,-0.0,ok,False
c017,17,阿妮斯：超级巨星,Anis: Star,0,,False,H,H costume variants (阿妮斯：超级巨星),3.888,187.5,187.5,152.0,175.42,True,100,134,0.8933,0.7726,16,0.9716,1.0,0.962,0.9936,1.0,False,0.0,0.0,31.17,21.8,False,"[760.0, 550.0]","[781.8, 550.0]",True,"[102.05, 85.7, 1330.64, 3425.45]","[123.85, 85.7, 1352.44, 3425.45]","{'left': False, 'top': False, 'right': False, 'bottom': True}","{'left': False, 'top': False, 'right': False, 'bottom': True}","{'left': False, 'top': False, 'right': False, 'bottom': False}",False,False,clean,eye_attachment,348,891,"[185.22893383212352, 135.41948886800128]",21.8,-0.0,ok,False
c224,224,白雪公主：纯真年代,Snow White: Innocent Days,0,,False,H,H costume variants (白雪公主：纯真年代),0.9809,819.5,819.5,645.78,602.27,False,0,0,0.0,0.3025,584,0.1961,1.0,0.9761,0.9931,1.0,False,0.0,0.0,409.9,0.0,False,"[760.0, 550.0]","[760.0, 550.0]",True,"[-350.95, -172.98, 1410.71, 3203.21]","[-350.95, -172.98, 1410.71, 3203.21]","{'left': True, 'top': True, 'right': False, 'bottom': True}","{'left': True, 'top': True, 'right': False, 'bottom': True}","{'left': False, 'top': False, 'right': False, 'bottom': False}",False,False,clean,eye_attachment,1924,3570,"[1196.6094314072438, 801.0764344254658]",0.0,0.0,low_confidence,False
