render_id,canonical_name,category,category_code,policy,original_v5_shift,candidate_shift,difference_from_v5,face_x_after,face_safe,new_edge_clipping,has_new_edge_clipping,tracking_confidence
c010,拉毗,A 普通直立/紧凑 (拉毗),A,A,-7.74,0.0,7.74,860.0,True,"{'left': False, 'top': False, 'right': False, 'bottom': False}",False,0.9806
c010,拉毗,A 普通直立/紧凑 (拉毗),A,B,-7.74,-7.74,0.0,852.26,True,"{'left': False, 'top': False, 'right': False, 'bottom': False}",False,0.9806
c010,拉毗,A 普通直立/紧凑 (拉毗),A,C,-7.74,-7.74,0.0,852.26,True,"{'left': False, 'top': False, 'right': False, 'bottom': False}",False,0.9806
c010,拉毗,A 普通直立/紧凑 (拉毗),A,D,-7.74,-7.74,0.0,852.26,True,"{'left': False, 'top': False, 'right': False, 'bottom': False}",False,0.9806
c010,拉毗,A 普通直立/紧凑 (拉毗),A,E,-7.74,-7.74,0.0,852.26,True,"{'left': False, 'top': False, 'right': False, 'bottom': False}",False,0.9806
c191,爱丽丝,A 普通直立/紧凑 (爱丽丝),A,A,3.48,0.0,-3.48,760.0,True,"{'left': False, 'top': False, 'right': False, 'bottom': False}",False,0.9294
c191,爱丽丝,A 普通直立/紧凑 (爱丽丝),A,B,3.48,3.48,0.0,763.48,True,"{'left': False, 'top': False, 'right': False, 'bottom': False}",False,0.9294
c191,爱丽丝,A 普通直立/紧凑 (爱丽丝),A,C,3.48,3.48,0.0,763.48,True,"{'left': False, 'top': False, 'right': False, 'bottom': False}",False,0.9294
c191,爱丽丝,A 普通直立/紧凑 (爱丽丝),A,D,3.48,3.48,0.0,763.48,True,"{'left': False, 'top': False, 'right': False, 'bottom': False}",False,0.9294
c191,爱丽丝,A 普通直立/紧凑 (爱丽丝),A,E,3.48,3.48,0.0,763.48,True,"{'left': False, 'top': False, 'right': False, 'bottom': False}",False,0.9294
c011,尼恩,A 普通直立/紧凑 (尼恩),A,A,109.69,0.0,-109.69,760.0,True,"{'left': False, 'top': False, 'right': False, 'bottom': False}",False,0.9393
c011,尼恩,A 普通直立/紧凑 (尼恩),A,B,109.69,109.69,0.0,869.69,True,"{'left': False, 'top': False, 'right': False, 'bottom': False}",False,0.9393
c011,尼恩,A 普通直立/紧凑 (尼恩),A,C,109.69,39.99,-69.7,799.99,True,"{'left': False, 'top': False, 'right': False, 'bottom': False}",False,0.9393
c011,尼恩,A 普通直立/紧凑 (尼恩),A,D,109.69,32.0,-77.69,792.0,True,"{'left': False, 'top': False, 'right': False, 'bottom': False}",False,0.9393
c011,尼恩,A 普通直立/紧凑 (尼恩),A,E,109.69,47.96,-61.73,807.96,True,"{'left': False, 'top': False, 'right': False, 'bottom': False}",False,0.9393
c012,阿妮斯,A 普通直立/紧凑 (阿妮斯),A,A,32.22,0.0,-32.22,760.0,True,"{'left': False, 'top': False, 'right': False, 'bottom': False}",False,0.9867
c012,阿妮斯,A 普通直立/紧凑 (阿妮斯),A,B,32.22,32.22,0.0,792.22,True,"{'left': False, 'top': False, 'right': False, 'bottom': False}",False,0.9867
c012,阿妮斯,A 普通直立/紧凑 (阿妮斯),A,C,32.22,30.9,-1.32,790.9,True,"{'left': False, 'top': False, 'right': False, 'bottom': False}",False,0.9867
c012,阿妮斯,A 普通直立/紧凑 (阿妮斯),A,D,32.22,28.28,-3.94,788.28,True,"{'left': False, 'top': False, 'right': False, 'bottom': False}",False,0.9867
c012,阿妮斯,A 普通直立/紧凑 (阿妮斯),A,E,32.22,31.91,-0.31,791.91,True,"{'left': False, 'top': False, 'right': False, 'bottom': False}",False,0.9867
c070,布丽德,A 普通直立/紧凑 (布丽德),A,A,128.47,0.0,-128.47,760.0,True,"{'left': False, 'top': False, 'right': False, 'bottom': False}",False,0.9177
c070,布丽德,A 普通直立/紧凑 (布丽德),A,B,128.47,128.47,0.0,888.47,True,"{'left': False, 'top': False, 'right': False, 'bottom': False}",False,0.9177
c070,布丽德,A 普通直立/紧凑 (布丽德),A,C,128.47,40.0,-88.47,800.0,True,"{'left': False, 'top': False, 'right': False, 'bottom': False}",False,0.9177
c070,布丽德,A 普通直立/紧凑 (布丽德),A,D,128.47,32.0,-96.47,792.0,True,"{'left': False, 'top': False, 'right': False, 'bottom': False}",False,0.9177
c070,布丽德,A 普通直立/紧凑 (布丽德),A,E,128.47,47.99,-80.48,807.99,True,"{'left': False, 'top': False, 'right': False, 'bottom': False}",False,0.9177
c072,迪塞尔,A 普通直立/紧凑 (迪塞尔),A,A,7.53,0.0,-7.53,760.0,True,"{'left': False, 'top': False, 'right': False, 'bottom': False}",False,0.9874
c072,迪塞尔,A 普通直立/紧凑 (迪塞尔),A,B,7.53,7.53,0.0,767.53,True,"{'left': False, 'top': False, 'right': False, 'bottom': False}",False,0.9874
c072,迪塞尔,A 普通直立/紧凑 (迪塞尔),A,C,7.53,7.53,0.0,767.53,True,"{'left': False, 'top': False, 'right': False, 'bottom': False}",False,0.9874
c072,迪塞尔,A 普通直立/紧凑 (迪塞尔),A,D,7.53,7.53,0.0,767.53,True,"{'left': False, 'top': False, 'right': False, 'bottom': False}",False,0.9874
c072,迪塞尔,A 普通直立/紧凑 (迪塞尔),A,E,7.53,7.53,0.0,767.53,True,"{'left': False, 'top': False, 'right': False, 'bottom': False}",False,0.9874
c080,桑迪,A 普通直立/紧凑 (桑迪),A,A,96.07,0.0,-96.07,760.0,True,"{'left': False, 'top': False, 'right': False, 'bottom': False}",False,0.9778
c080,桑迪,A 普通直立/紧凑 (桑迪),A,B,96.07,96.07,0.0,856.07,True,"{'left': False, 'top': False, 'right': False, 'bottom': False}",False,0.9778
c080,桑迪,A 普通直立/紧凑 (桑迪),A,C,96.07,39.98,-56.09,799.98,True,"{'left': False, 'top': False, 'right': False, 'bottom': False}",False,0.9778
c080,桑迪,A 普通直立/紧凑 (桑迪),A,D,96.07,32.0,-64.07,792.0,True,"{'left': False, 'top': False, 'right': False, 'bottom': False}",False,0.9778
c080,桑迪,A 普通直立/紧凑 (桑迪),A,E,96.07,47.88,-48.19,807.88,True,"{'left': False, 'top': False, 'right': False, 'bottom': False}",False,0.9778
c082,丽塔,A 普通直立/紧凑 (丽塔),A,A,-34.82,0.0,34.82,760.0,True,"{'left': False, 'top': False, 'right': False, 'bottom': False}",False,0.9644
c082,丽塔,A 普通直立/紧凑 (丽塔),A,B,-34.82,-34.82,0.0,725.18,True,"{'left': False, 'top': False, 'right': False, 'bottom': False}",False,0.9644
c082,丽塔,A 普通直立/紧凑 (丽塔),A,C,-34.82,-32.59,2.23,727.41,True,"{'left': False, 'top': False, 'right': False, 'bottom': False}",False,0.9644
c082,丽塔,A 普通直立/紧凑 (丽塔),A,D,-34.82,-29.22,5.6,730.78,True,"{'left': False, 'top': False, 'right': False, 'bottom': False}",False,0.9644
c082,丽塔,A 普通直立/紧凑 (丽塔),A,E,-34.82,-34.14,0.68,725.86,True,"{'left': False, 'top': False, 'right': False, 'bottom': False}",False,0.9644
c120,N102,A 普通直立/紧凑 (N102),A,A,0.08,0.0,-0.08,760.0,True,"{'left': False, 'top': False, 'right': False, 'bottom': False}",False,0.9932
c120,N102,A 普通直立/紧凑 (N102),A,B,0.08,0.08,0.0,760.08,True,"{'left': False, 'top': False, 'right': False, 'bottom': False}",False,0.9932
c120,N102,A 普通直立/紧凑 (N102),A,C,0.08,0.08,0.0,760.08,True,"{'left': False, 'top': False, 'right': False, 'bottom': False}",False,0.9932
c120,N102,A 普通直立/紧凑 (N102),A,D,0.08,0.08,0.0,760.08,True,"{'left': False, 'top': False, 'right': False, 'bottom': False}",False,0.9932
c120,N102,A 普通直立/紧凑 (N102),A,E,0.08,0.08,0.0,760.08,True,"{'left': False, 'top': False, 'right': False, 'bottom': False}",False,0.9932
c172,艾德米,A 普通直立/紧凑 (艾德米),A,A,64.65,0.0,-64.65,760.0,True,"{'left': False, 'top': False, 'right': False, 'bottom': False}",False,0.9763
c172,艾德米,A 普通直立/紧凑 (艾德米),A,B,64.65,64.65,0.0,824.65,True,"{'left': False, 'top': False, 'right': False, 'bottom': False}",False,0.9763
c172,艾德米,A 普通直立/紧凑 (艾德米),A,C,64.65,39.55,-25.1,799.55,True,"{'left': False, 'top': False, 'right': False, 'bottom': False}",False,0.9763
c172,艾德米,A 普通直立/紧凑 (艾德米),A,D,64.65,31.93,-32.72,791.93,True,"{'left': False, 'top': False, 'right': False, 'bottom': False}",False,0.9763
c172,艾德米,A 普通直立/紧凑 (艾德米),A,E,64.65,46.43,-18.22,806.43,True,"{'left': False, 'top': False, 'right': False, 'bottom': False}",False,0.9763
c170,普丽瓦蒂,B 长发 (普丽瓦蒂),B,A,39.94,0.0,-39.94,760.0,True,"{'left': False, 'top': False, 'right': False, 'bottom': False}",False,0.9591
c170,普丽瓦蒂,B 长发 (普丽瓦蒂),B,B,39.94,39.94,0.0,799.94,True,"{'left': False, 'top': False, 'right': False, 'bottom': False}",False,0.9591
c170,普丽瓦蒂,B 长发 (普丽瓦蒂),B,C,39.94,35.21,-4.73,795.21,True,"{'left': False, 'top': False, 'right': False, 'bottom': False}",False,0.9591
c170,普丽瓦蒂,B 长发 (普丽瓦蒂),B,D,39.94,30.47,-9.47,790.47,True,"{'left': False, 'top': False, 'right': False, 'bottom': False}",False,0.9591
c170,普丽瓦蒂,B 长发 (普丽瓦蒂),B,E,39.94,37.95,-1.99,797.95,True,"{'left': False, 'top': False, 'right': False, 'bottom': False}",False,0.9591
c221,长发公主,B 长发 (长发公主),B,A,92.26,0.0,-92.26,760.0,True,"{'left': False, 'top': False, 'right': False, 'bottom': False}",False,0.974
c221,长发公主,B 长发 (长发公主),B,B,92.26,92.26,0.0,852.26,True,"{'left': False, 'top': False, 'right': False, 'bottom': False}",False,0.974
c221,长发公主,B 长发 (长发公主),B,C,92.26,39.97,-52.29,799.97,True,"{'left': False, 'top': False, 'right': False, 'bottom': False}",False,0.974
c221,长发公主,B 长发 (长发公主),B,D,92.26,32.0,-60.26,792.0,True,"{'left': False, 'top': False, 'right': False, 'bottom': False}",False,0.974
c221,长发公主,B 长发 (长发公主),B,E,92.26,47.84,-44.42,807.84,True,"{'left': False, 'top': False, 'right': False, 'bottom': False}",False,0.974
c270,布兰儿,B 长发 (布兰儿),B,A,35.63,0.0,-35.63,760.0,True,"{'left': False, 'top': False, 'right': False, 'bottom': False}",False,0.9419
c270,布兰儿,B 长发 (布兰儿),B,B,35.63,35.63,0.0,795.63,True,"{'left': False, 'top': False, 'right': False, 'bottom': False}",False,0.9419
c270,布兰儿,B 长发 (布兰儿),B,C,35.63,33.07,-2.56,793.07,True,"{'left': False, 'top': False, 'right': False, 'bottom': False}",False,0.9419
c270,布兰儿,B 长发 (布兰儿),B,D,35.63,29.47,-6.16,789.47,True,"{'left': False, 'top': False, 'right': False, 'bottom': False}",False,0.9419
c270,布兰儿,B 长发 (布兰儿),B,E,35.63,34.8,-0.83,794.8,True,"{'left': False, 'top': False, 'right': False, 'bottom': False}",False,0.9419
c010_02,拉毗,B 长发 (拉毗·白色约定),B,A,64.26,0.0,-64.26,760.0,True,"{'left': False, 'top': False, 'right': False, 'bottom': False}",False,0.9793
c010_02,拉毗,B 长发 (拉毗·白色约定),B,B,64.26,64.26,0.0,824.26,True,"{'left': False, 'top': False, 'right': False, 'bottom': False}",False,0.9793
c010_02,拉毗,B 长发 (拉毗·白色约定),B,C,64.26,39.53,-24.73,799.53,True,"{'left': False, 'top': False, 'right': False, 'bottom': False}",False,0.9793
c010_02,拉毗,B 长发 (拉毗·白色约定),B,D,64.26,31.92,-32.34,791.92,True,"{'left': False, 'top': False, 'right': False, 'bottom': False}",False,0.9793
c010_02,拉毗,B 长发 (拉毗·白色约定),B,E,64.26,46.38,-17.88,806.38,True,"{'left': False, 'top': False, 'right': False, 'bottom': False}",False,0.9793
c016,拉毗：小红帽,C 长枪/背包 (拉毗：小红帽),C,A,-124.46,0.0,124.46,860.0,True,"{'left': False, 'top': False, 'right': False, 'bottom': False}",False,0.9805
c016,拉毗：小红帽,C 长枪/背包 (拉毗：小红帽),C,B,-124.46,-124.46,0.0,735.54,True,"{'left': False, 'top': False, 'right': False, 'bottom': False}",False,0.9805
c016,拉毗：小红帽,C 长枪/背包 (拉毗：小红帽),C,C,-124.46,-40.0,84.46,820.0,True,"{'left': False, 'top': False, 'right': False, 'bottom': False}",False,0.9805
c016,拉毗：小红帽,C 长枪/背包 (拉毗：小红帽),C,D,-124.46,-32.0,92.46,828.0,True,"{'left': False, 'top': False, 'right': False, 'bottom': False}",False,0.9805
c016,拉毗：小红帽,C 长枪/背包 (拉毗：小红帽),C,E,-124.46,-47.99,76.47,812.01,True,"{'left': False, 'top': False, 'right': False, 'bottom': False}",False,0.9805
c471,白雪公主：重型武装,C 长枪/背包 (白雪公主：重型武装),C,A,86.12,0.0,-86.12,742.0,True,"{'left': False, 'top': False, 'right': False, 'bottom': False}",False,0.9527
c471,白雪公主：重型武装,C 长枪/背包 (白雪公主：重型武装),C,B,86.12,86.12,0.0,828.12,True,"{'left': False, 'top': False, 'right': False, 'bottom': False}",False,0.9527
c471,白雪公主：重型武装,C 长枪/背包 (白雪公主：重型武装),C,C,86.12,39.95,-46.17,781.95,True,"{'left': False, 'top': False, 'right': False, 'bottom': False}",False,0.9527
c471,白雪公主：重型武装,C 长枪/背包 (白雪公主：重型武装),C,D,86.12,32.0,-54.12,774.0,True,"{'left': False, 'top': False, 'right': False, 'bottom': False}",False,0.9527
c471,白雪公主：重型武装,C 长枪/背包 (白雪公主：重型武装),C,E,86.12,47.73,-38.39,789.73,True,"{'left': False, 'top': False, 'right': False, 'bottom': False}",False,0.9527
c100,拉普拉斯,C 长枪/背包 (拉普拉斯),C,A,11.7,0.0,-11.7,760.0,True,"{'left': False, 'top': False, 'right': False, 'bottom': False}",False,0.9932
c100,拉普拉斯,C 长枪/背包 (拉普拉斯),C,B,11.7,11.7,0.0,771.7,True,"{'left': False, 'top': False, 'right': False, 'bottom': False}",False,0.9932
c100,拉普拉斯,C 长枪/背包 (拉普拉斯),C,C,11.7,11.7,0.0,771.7,True,"{'left': False, 'top': False, 'right': False, 'bottom': False}",False,0.9932
c100,拉普拉斯,C 长枪/背包 (拉普拉斯),C,D,11.7,11.7,0.0,771.7,True,"{'left': False, 'top': False, 'right': False, 'bottom': False}",False,0.9932
c100,拉普拉斯,C 长枪/背包 (拉普拉斯),C,E,11.7,11.7,0.0,771.7,True,"{'left': False, 'top': False, 'right': False, 'bottom': False}",False,0.9932
c102,麦斯威尔,C 长枪/背包 (麦斯威尔),C,A,85.02,0.0,-85.02,760.0,True,"{'left': False, 'top': False, 'right': False, 'bottom': False}",False,0.6844
c102,麦斯威尔,C 长枪/背包 (麦斯威尔),C,B,85.02,85.02,0.0,845.02,True,"{'left': False, 'top': False, 'right': False, 'bottom': False}",False,0.6844
c102,麦斯威尔,C 长枪/背包 (麦斯威尔),C,C,85.02,39.94,-45.08,799.94,True,"{'left': False, 'top': False, 'right': False, 'bottom': False}",False,0.6844
c102,麦斯威尔,C 长枪/背包 (麦斯威尔),C,D,85.02,31.99,-53.03,791.99,True,"{'left': False, 'top': False, 'right': False, 'bottom': False}",False,0.6844
c102,麦斯威尔,C 长枪/背包 (麦斯威尔),C,E,85.02,47.7,-37.32,807.7,True,"{'left': False, 'top': False, 'right': False, 'bottom': False}",False,0.6844
c220,白雪公主,C 长枪/背包 (白雪公主),C,A,108.42,0.0,-108.42,760.0,True,"{'left': False, 'top': False, 'right': False, 'bottom': False}",False,0.8951
c220,白雪公主,C 长枪/背包 (白雪公主),C,B,108.42,108.42,0.0,868.42,True,"{'left': False, 'top': False, 'right': False, 'bottom': False}",False,0.8951
c220,白雪公主,C 长枪/背包 (白雪公主),C,C,108.42,39.99,-68.43,799.99,True,"{'left': False, 'top': False, 'right': False, 'bottom': False}",False,0.8951
c220,白雪公主,C 长枪/背包 (白雪公主),C,D,108.42,32.0,-76.42,792.0,True,"{'left': False, 'top': False, 'right': False, 'bottom': False}",False,0.8951
c220,白雪公主,C 长枪/背包 (白雪公主),C,E,108.42,47.96,-60.46,807.96,True,"{'left': False, 'top': False, 'right': False, 'bottom': False}",False,0.8951
c330,皇冠,D 机械翼/披风 (皇冠),D,A,-72.64,0.0,72.64,760.0,True,"{'left': False, 'top': False, 'right': False, 'bottom': False}",False,0.9792
c330,皇冠,D 机械翼/披风 (皇冠),D,B,-72.64,-72.64,0.0,687.36,True,"{'left': False, 'top': False, 'right': False, 'bottom': False}",False,0.9792
c330,皇冠,D 机械翼/披风 (皇冠),D,C,-72.64,-39.79,32.85,720.21,True,"{'left': False, 'top': False, 'right': False, 'bottom': False}",False,0.9792
c330,皇冠,D 机械翼/披风 (皇冠),D,D,-72.64,-31.97,40.67,728.03,True,"{'left': False, 'top': False, 'right': False, 'bottom': False}",False,0.9792
c330,皇冠,D 机械翼/披风 (皇冠),D,E,-72.64,-47.18,25.46,712.82,True,"{'left': False, 'top': False, 'right': False, 'bottom': False}",False,0.9792
c101,德雷克,D 机械翼/披风 (德雷克),D,A,42.51,0.0,-42.51,760.0,True,"{'left': False, 'top': False, 'right': False, 'bottom': False}",False,0.9645
c101,德雷克,D 机械翼/披风 (德雷克),D,B,42.51,42.51,0.0,802.51,True,"{'left': False, 'top': False, 'right': False, 'bottom': False}",False,0.9645
c101,德雷克,D 机械翼/披风 (德雷克),D,C,42.51,36.19,-6.32,796.19,True,"{'left': False, 'top': False, 'right': False, 'bottom': False}",False,0.9645
c101,德雷克,D 机械翼/披风 (德雷克),D,D,42.51,30.88,-11.63,790.88,True,"{'left': False, 'top': False, 'right': False, 'bottom': False}",False,0.9645
c101,德雷克,D 机械翼/披风 (德雷克),D,E,42.51,39.54,-2.97,799.54,True,"{'left': False, 'top': False, 'right': False, 'bottom': False}",False,0.9645
c180,吉萝婷,D 机械翼/披风 (吉洛霆),D,A,32.67,0.0,-32.67,760.0,True,"{'left': False, 'top': False, 'right': False, 'bottom': False}",False,0.9679
c180,吉萝婷,D 机械翼/披风 (吉洛霆),D,B,32.67,32.67,0.0,792.67,True,"{'left': False, 'top': False, 'right': False, 'bottom': False}",False,0.9679
c180,吉萝婷,D 机械翼/披风 (吉洛霆),D,C,32.67,31.21,-1.46,791.21,True,"{'left': False, 'top': False, 'right': False, 'bottom': False}",False,0.9679
c180,吉萝婷,D 机械翼/披风 (吉洛霆),D,D,32.67,28.46,-4.21,788.46,True,"{'left': False, 'top': False, 'right': False, 'bottom': False}",False,0.9679
c180,吉萝婷,D 机械翼/披风 (吉洛霆),D,E,32.67,32.31,-0.36,792.31,True,"{'left': False, 'top': False, 'right': False, 'bottom': False}",False,0.9679
c352,海伦,E 宽裙摆 (海伦),E,A,5.39,0.0,-5.39,760.0,True,"{'left': False, 'top': False, 'right': False, 'bottom': False}",False,0.9241
c352,海伦,E 宽裙摆 (海伦),E,B,5.39,5.39,0.0,765.39,True,"{'left': False, 'top': False, 'right': False, 'bottom': False}",False,0.9241
c352,海伦,E 宽裙摆 (海伦),E,C,5.39,5.39,0.0,765.39,True,"{'left': False, 'top': False, 'right': False, 'bottom': False}",False,0.9241
c352,海伦,E 宽裙摆 (海伦),E,D,5.39,5.39,0.0,765.39,True,"{'left': False, 'top': False, 'right': False, 'bottom': False}",False,0.9241
c352,海伦,E 宽裙摆 (海伦),E,E,5.39,5.39,0.0,765.39,True,"{'left': False, 'top': False, 'right': False, 'bottom': False}",False,0.9241
c181,梅登,E 宽裙摆 (梅登),E,A,85.65,0.0,-85.65,760.0,True,"{'left': False, 'top': False, 'right': False, 'bottom': False}",False,0.9203
c181,梅登,E 宽裙摆 (梅登),E,B,85.65,85.65,0.0,845.65,True,"{'left': False, 'top': False, 'right': False, 'bottom': False}",False,0.9203
c181,梅登,E 宽裙摆 (梅登),E,C,85.65,39.94,-45.71,799.94,True,"{'left': False, 'top': False, 'right': False, 'bottom': False}",False,0.9203
c181,梅登,E 宽裙摆 (梅登),E,D,85.65,31.99,-53.66,791.99,True,"{'left': False, 'top': False, 'right': False, 'bottom': False}",False,0.9203
c181,梅登,E 宽裙摆 (梅登),E,E,85.65,47.72,-37.93,807.72,True,"{'left': False, 'top': False, 'right': False, 'bottom': False}",False,0.9203
c233,桃乐丝,E 宽裙摆 (桃乐丝),E,A,-88.16,0.0,88.16,760.0,True,"{'left': False, 'top': False, 'right': False, 'bottom': False}",False,0.9404
c233,桃乐丝,E 宽裙摆 (桃乐丝),E,B,-88.16,-88.16,0.0,671.84,True,"{'left': False, 'top': False, 'right': False, 'bottom': False}",False,0.9404
c233,桃乐丝,E 宽裙摆 (桃乐丝),E,C,-88.16,-39.96,48.2,720.04,True,"{'left': False, 'top': False, 'right': False, 'bottom': False}",False,0.9404
c233,桃乐丝,E 宽裙摆 (桃乐丝),E,D,-88.16,-32.0,56.16,728.0,True,"{'left': False, 'top': False, 'right': False, 'bottom': False}",False,0.9404
c233,桃乐丝,E 宽裙摆 (桃乐丝),E,E,-88.16,-47.77,40.39,712.23,True,"{'left': False, 'top': False, 'right': False, 'bottom': False}",False,0.9404
c310,爱德,E 宽裙摆 (艾德),E,A,0.0,0.0,0.0,760.0,True,"{'left': False, 'top': False, 'right': False, 'bottom': False}",False,0.1686
c310,爱德,E 宽裙摆 (艾德),E,B,0.0,0.0,0.0,760.0,True,"{'left': False, 'top': False, 'right': False, 'bottom': False}",False,0.1686
c310,爱德,E 宽裙摆 (艾德),E,C,0.0,0.0,0.0,760.0,True,"{'left': False, 'top': False, 'right': False, 'bottom': False}",False,0.1686
c310,爱德,E 宽裙摆 (艾德),E,D,0.0,0.0,0.0,760.0,True,"{'left': False, 'top': False, 'right': False, 'bottom': False}",False,0.1686
c310,爱德,E 宽裙摆 (艾德),E,E,0.0,0.0,0.0,760.0,True,"{'left': False, 'top': False, 'right': False, 'bottom': False}",False,0.1686
c161,米哈拉,F 偏头/侧脸 (米哈拉),F,A,25.06,0.0,-25.06,760.0,True,"{'left': False, 'top': False, 'right': False, 'bottom': False}",False,0.9826
c161,米哈拉,F 偏头/侧脸 (米哈拉),F,B,25.06,25.06,0.0,785.06,True,"{'left': False, 'top': False, 'right': False, 'bottom': False}",False,0.9826
c161,米哈拉,F 偏头/侧脸 (米哈拉),F,C,25.06,24.95,-0.11,784.95,True,"{'left': False, 'top': False, 'right': False, 'bottom': False}",False,0.9826
c161,米哈拉,F 偏头/侧脸 (米哈拉),F,D,25.06,24.2,-0.86,784.2,True,"{'left': False, 'top': False, 'right': False, 'bottom': False}",False,0.9826
c161,米哈拉,F 偏头/侧脸 (米哈拉),F,E,25.06,25.06,-0.0,785.06,True,"{'left': False, 'top': False, 'right': False, 'bottom': False}",False,0.9826
c222,红莲,F 偏头/侧脸 (红莲),F,A,82.29,0.0,-82.29,760.0,True,"{'left': False, 'top': False, 'right': False, 'bottom': False}",False,0.7098
c222,红莲,F 偏头/侧脸 (红莲),F,B,82.29,82.29,0.0,842.29,True,"{'left': False, 'top': False, 'right': False, 'bottom': False}",False,0.7098
c222,红莲,F 偏头/侧脸 (红莲),F,C,82.29,39.92,-42.37,799.92,True,"{'left': False, 'top': False, 'right': False, 'bottom': False}",False,0.7098
c222,红莲,F 偏头/侧脸 (红莲),F,D,82.29,31.99,-50.3,791.99,True,"{'left': False, 'top': False, 'right': False, 'bottom': False}",False,0.7098
c222,红莲,F 偏头/侧脸 (红莲),F,E,82.29,47.63,-34.66,807.63,True,"{'left': False, 'top': False, 'right': False, 'bottom': False}",False,0.7098
c234,桃乐丝：机缘巧遇,G 强非对称姿势 (桃乐丝：机缘巧遇),G,A,-72.71,0.0,72.71,760.0,True,"{'left': False, 'top': False, 'right': False, 'bottom': False}",False,0.9632
c234,桃乐丝：机缘巧遇,G 强非对称姿势 (桃乐丝：机缘巧遇),G,B,-72.71,-72.71,0.0,687.29,True,"{'left': False, 'top': False, 'right': False, 'bottom': False}",False,0.9632
c234,桃乐丝：机缘巧遇,G 强非对称姿势 (桃乐丝：机缘巧遇),G,C,-72.71,-39.8,32.91,720.2,True,"{'left': False, 'top': False, 'right': False, 'bottom': False}",False,0.9632
c234,桃乐丝：机缘巧遇,G 强非对称姿势 (桃乐丝：机缘巧遇),G,D,-72.71,-31.97,40.74,728.03,True,"{'left': False, 'top': False, 'right': False, 'bottom': False}",False,0.9632
c234,桃乐丝：机缘巧遇,G 强非对称姿势 (桃乐丝：机缘巧遇),G,E,-72.71,-47.19,25.52,712.81,True,"{'left': False, 'top': False, 'right': False, 'bottom': False}",False,0.9632
c110,克拉乌,G 强非对称姿势 (克拉乌),G,A,4.21,0.0,-4.21,760.0,True,"{'left': False, 'top': False, 'right': False, 'bottom': False}",False,0.6682
c110,克拉乌,G 强非对称姿势 (克拉乌),G,B,4.21,4.21,0.0,764.21,True,"{'left': False, 'top': False, 'right': False, 'bottom': False}",False,0.6682
c110,克拉乌,G 强非对称姿势 (克拉乌),G,C,4.21,4.21,0.0,764.21,True,"{'left': False, 'top': False, 'right': False, 'bottom': False}",False,0.6682
c110,克拉乌,G 强非对称姿势 (克拉乌),G,D,4.21,4.21,0.0,764.21,True,"{'left': False, 'top': False, 'right': False, 'bottom': False}",False,0.6682
c110,克拉乌,G 强非对称姿势 (克拉乌),G,E,4.21,4.21,0.0,764.21,True,"{'left': False, 'top': False, 'right': False, 'bottom': False}",False,0.6682
c111,豺狼,G 强非对称姿势 (豺狼),G,A,16.64,0.0,-16.64,760.0,True,"{'left': False, 'top': False, 'right': False, 'bottom': False}",False,0.7141
c111,豺狼,G 强非对称姿势 (豺狼),G,B,16.64,16.64,0.0,776.64,True,"{'left': False, 'top': False, 'right': False, 'bottom': False}",False,0.7141
c111,豺狼,G 强非对称姿势 (豺狼),G,C,16.64,16.64,0.0,776.64,True,"{'left': False, 'top': False, 'right': False, 'bottom': False}",False,0.7141
c111,豺狼,G 强非对称姿势 (豺狼),G,D,16.64,16.64,-0.0,776.64,True,"{'left': False, 'top': False, 'right': False, 'bottom': False}",False,0.7141
c111,豺狼,G 强非对称姿势 (豺狼),G,E,16.64,16.64,0.0,776.64,True,"{'left': False, 'top': False, 'right': False, 'bottom': False}",False,0.7141
c140,舒格,G 强非对称姿势 (舒格),G,A,67.72,0.0,-67.72,760.0,True,"{'left': False, 'top': False, 'right': False, 'bottom': False}",False,0.6203
c140,舒格,G 强非对称姿势 (舒格),G,B,67.72,67.72,0.0,827.72,True,"{'left': False, 'top': False, 'right': False, 'bottom': False}",False,0.6203
c140,舒格,G 强非对称姿势 (舒格),G,C,67.72,39.66,-28.06,799.66,True,"{'left': False, 'top': False, 'right': False, 'bottom': False}",False,0.6203
c140,舒格,G 强非对称姿势 (舒格),G,D,67.72,31.95,-35.77,791.95,True,"{'left': False, 'top': False, 'right': False, 'bottom': False}",False,0.6203
c140,舒格,G 强非对称姿势 (舒格),G,E,67.72,46.78,-20.94,806.78,True,"{'left': False, 'top': False, 'right': False, 'bottom': False}",False,0.6203
c400,吉尔提,G 强非对称姿势 (吉尔提),G,A,130.62,0.0,-130.62,760.0,True,"{'left': False, 'top': False, 'right': False, 'bottom': False}",False,0.933
c400,吉尔提,G 强非对称姿势 (吉尔提),G,B,130.62,130.62,0.0,890.62,True,"{'left': False, 'top': False, 'right': True, 'bottom': False}",True,0.933
c400,吉尔提,G 强非对称姿势 (吉尔提),G,C,130.62,40.0,-90.62,800.0,True,"{'left': False, 'top': False, 'right': False, 'bottom': False}",False,0.933
c400,吉尔提,G 强非对称姿势 (吉尔提),G,D,130.62,32.0,-98.62,792.0,True,"{'left': False, 'top': False, 'right': False, 'bottom': False}",False,0.933
c400,吉尔提,G 强非对称姿势 (吉尔提),G,E,130.62,47.99,-82.63,807.99,True,"{'left': False, 'top': False, 'right': False, 'bottom': False}",False,0.933
c010_03,拉毗,H costume variants (拉毗·经典假期),H,A,-19.71,0.0,19.71,760.0,True,"{'left': False, 'top': False, 'right': False, 'bottom': False}",False,0.9809
c010_03,拉毗,H costume variants (拉毗·经典假期),H,B,-19.71,-19.71,0.0,740.29,True,"{'left': False, 'top': False, 'right': False, 'bottom': False}",False,0.9809
c010_03,拉毗,H costume variants (拉毗·经典假期),H,C,-19.71,-19.71,0.0,740.29,True,"{'left': False, 'top': False, 'right': False, 'bottom': False}",False,0.9809
c010_03,拉毗,H costume variants (拉毗·经典假期),H,D,-19.71,-19.64,0.07,740.36,True,"{'left': False, 'top': False, 'right': False, 'bottom': False}",False,0.9809
c010_03,拉毗,H costume variants (拉毗·经典假期),H,E,-19.71,-19.71,0.0,740.29,True,"{'left': False, 'top': False, 'right': False, 'bottom': False}",False,0.9809
c017,阿妮斯：超级巨星,H costume variants (阿妮斯：超级巨星),H,A,21.8,0.0,-21.8,760.0,True,"{'left': False, 'top': False, 'right': False, 'bottom': False}",False,0.9716
c017,阿妮斯：超级巨星,H costume variants (阿妮斯：超级巨星),H,B,21.8,21.8,0.0,781.8,True,"{'left': False, 'top': False, 'right': False, 'bottom': False}",False,0.9716
c017,阿妮斯：超级巨星,H costume variants (阿妮斯：超级巨星),H,C,21.8,21.8,-0.0,781.8,True,"{'left': False, 'top': False, 'right': False, 'bottom': False}",False,0.9716
c017,阿妮斯：超级巨星,H costume variants (阿妮斯：超级巨星),H,D,21.8,21.56,-0.24,781.56,True,"{'left': False, 'top': False, 'right': False, 'bottom': False}",False,0.9716
c017,阿妮斯：超级巨星,H costume variants (阿妮斯：超级巨星),H,E,21.8,21.8,0.0,781.8,True,"{'left': False, 'top': False, 'right': False, 'bottom': False}",False,0.9716
c224,白雪公主：纯真年代,H costume variants (白雪公主：纯真年代),H,A,0.0,0.0,0.0,760.0,True,"{'left': False, 'top': False, 'right': False, 'bottom': False}",False,0.1961
c224,白雪公主：纯真年代,H costume variants (白雪公主：纯真年代),H,B,0.0,0.0,0.0,760.0,True,"{'left': False, 'top': False, 'right': False, 'bottom': False}",False,0.1961
c224,白雪公主：纯真年代,H costume variants (白雪公主：纯真年代),H,C,0.0,0.0,0.0,760.0,True,"{'left': False, 'top': False, 'right': False, 'bottom': False}",False,0.1961
c224,白雪公主：纯真年代,H costume variants (白雪公主：纯真年代),H,D,0.0,0.0,0.0,760.0,True,"{'left': False, 'top': False, 'right': False, 'bottom': False}",False,0.1961
c224,白雪公主：纯真年代,H costume variants (白雪公主：纯真年代),H,E,0.0,0.0,0.0,760.0,True,"{'left': False, 'top': False, 'right': False, 'bottom': False}",False,0.1961
